area,quartos,banheiros,idade,distancia_centro,preco
174.83570765056163,4,3,32,16.67451623921722,738110.9773980124
143.08678494144075,1,3,49,13.148749391993372,447555.724126383
182.38442690503462,3,1,37,15.357056509437456,663075.3990663933
226.15149282040127,5,3,26,20.100245534648238,961618.7648830683
138.2923312638332,3,3,33,14.833802313044734,522937.9757596856
138.29315215254098,3,2,14,11.65286696312718,627237.9927896248
228.96064077536957,1,1,31,18.169740917618242,749368.6721857012
188.37173645764545,1,1,20,18.773877724232925,551084.2227334143
126.5262807032524,1,1,45,18.8438589162971,325761.85676355846
177.12800217929822,2,3,4,7.539282424019987,687157.3728461397
126.82911535937689,4,1,5,3.2299082075079797,600222.2845124296
126.71351232148716,2,3,37,7.234039082825566,505463.90830304363
162.0981135783017,4,3,21,13.518208078965875,725212.0329384342
54.33598776711011,4,2,17,10.795794726660528,395490.2587318051
63.75410837434836,3,2,13,8.967595074115765,301913.68803853216
121.88562353795136,3,2,9,12.802406994024677,478387.2752606415
99.35844398327882,4,2,45,2.6459745916336637,371669.4957204119
165.7123666297637,4,2,12,10.705846493457706,770852.6683250492
104.59879622393944,2,3,30,15.592288224239384,443373.16325421195
79.38481493323543,2,3,29,12.746578222791143,426053.8449273819
223.28243844607772,3,1,2,13.459049109168642,764042.3173293263
138.7111849756732,1,3,29,17.986863949762572,492380.1940041526
153.3764102343962,4,3,5,9.669283575631665,736531.9888577553
78.76259068932715,2,2,28,6.734541693248318,326729.563939984
122.78086377374086,3,3,7,15.94757521332521,491776.05097123253
155.5461294854933,2,2,43,15.855603155169636,639220.7489528984
92.45032112888487,4,1,44,12.791458373778983,507732.21370259917
168.7849009172836,4,1,42,9.19814499708776,656861.799171407
119.96806550405975,5,3,43,10.006898255039925,662401.7822605798
135.41531251033615,1,1,32,3.616135239344567,422774.1332344747
119.91466938853016,5,3,16,15.564732651036014,602844.362712281
242.6139092254469,3,1,47,15.388256547645717,921428.2898288999
149.3251387631033,2,2,10,3.4415862476660806,508323.7997236877
97.11445355220499,3,2,12,14.33816041953068,446391.8549689979
191.12724560515946,4,2,49,12.020508275045042,764556.9116275001
88.95781750144889,5,2,10,4.890129448046019,639655.0225426189
160.44317975023776,5,3,30,3.9699989946376526,828218.973973239
52.016493806011226,5,1,27,11.867466347008612,301702.05999565055
83.59069755507848,3,3,43,8.01147943046541,431611.62175259547
159.84306179345617,4,2,5,19.09974425274835,697382.7067930899
186.92332899977052,2,3,40,14.762991973244532,669827.0862878504
158.56841405949854,2,1,15,12.368465683661137,596958.7661876885
144.21758588058796,3,3,3,12.615395020011972,573966.621213941
134.94481522053556,5,1,34,16.654335901835836,597093.9782311016
76.07390048162863,1,3,47,14.23259045863669,316697.4579382662
114.00778958026457,3,1,25,12.498832192480112,506004.4886138656
126.96806145201063,3,1,11,5.09869411851245,547177.7697944669
202.85611131094578,4,2,10,25.309734827031093,793529.2542637602
167.18091447842306,2,1,36,4.484086213458834,580577.5073270279
61.8479922318633,3,2,24,8.437286314499177,391689.7601854534
166.20419846973977,3,2,17,1.7263586179500123,689854.9173795923
130.74588597918418,5,2,18,12.69399079384631,606757.2990778335
116.15389998470206,5,3,22,10.755552186424037,583275.716384013
180.5838144420434,1,3,37,13.8263821918238,542616.8078706771
201.54997612479755,4,3,17,1.3046718444778307,947819.6256099048
196.56400595580993,1,3,25,15.564528336904658,713936.0529742427
108.03912383886808,5,1,5,5.962822992651927,581867.3313722729
134.53938120743928,2,1,3,9.254974003180672,489418.57135775225
166.5631715701782,5,3,43,14.657856343405323,738677.3016253561
198.77725635611796,4,1,28,11.306333420659497,830380.9576061454
126.04128810773551,5,1,33,11.659712783334319,697026.1141652749
140.71705116680914,4,2,16,13.995894099526996,607889.7191049965
94.68325129969858,4,2,42,12.143953199693621,534682.6235324941
90.18966879596647,4,2,42,8.294460487256414,473380.73118133104
190.6262911197099,4,2,15,9.167654358823855,787922.1181459586
217.81200142854115,4,1,1,11.059393393259114,935527.9316406015
146.3994939209833,2,3,33,5.522219532268326,584645.7566612742
200.17664489460122,1,1,7,14.980043296943348,658388.0700526488
168.0818012523817,3,1,12,11.44326965403742,661772.5610946426
117.74401226974379,1,1,41,10.373881339609843,290204.30579703907
168.0697802754207,4,2,7,15.962482795157355,739704.9326717504
226.90182832329845,2,2,29,9.399431783943152,764772.0201799974
148.20869804450243,5,2,31,9.087895014237915,634392.6470977503
228.2321827907003,2,3,35,7.576856179980178,798685.9819897024
19.012744795512788,4,1,46,11.715335044629676,191338.12081543176
191.09512521876118,2,3,29,11.542250541657573,762695.001529485
154.35235341190855,2,2,0,6.668578997450466,556530.4214357232
135.04963247670662,4,3,42,9.111530114432998,595433.4652487912
154.58803882677512,2,1,38,6.7019886574038345,554129.5521929183
50.621554269955354,3,1,16,6.475657730922547,236623.65878030861
139.01640560812442,3,2,19,1.3505108413657645,572397.857230025
167.85562857558733,2,2,23,8.845448731592223,539652.1514969164
223.89470223707582,5,3,49,1.4889336695999429,1005706.8123722974
124.08648908631763,4,2,21,7.685921568302445,580819.4681003387
109.57531985534061,3,2,28,6.936526770611957,496057.01377468574
124.91214782077317,5,1,21,15.259475286328021,649018.0088792179
195.7701058851037,2,2,43,4.925325968451792,658346.2215357132
166.43755548298424,5,2,8,6.194068075927622,773325.1798646972
123.51198981164806,1,1,36,8.092379304042138,345534.81086157286
175.66337165566782,3,1,9,7.09928174248612,630866.3654322407
154.85387746740201,2,3,35,16.84627398710938,539839.9397276934
198.43224952664445,4,2,36,4.307163134751902,786057.9027687463
114.89734530613238,2,1,27,8.10297750507079,412246.3041996023
133.61689267011158,4,3,27,11.660326245822032,654961.6330636097
130.3945923433921,2,3,41,14.405916715210033,466811.0961976612
76.82425259339408,5,2,42,8.098792220348983,498256.80713535805
164.8060138532288,5,2,20,0.409501997481037,807849.1021408858
163.05276360899447,5,3,23,9.249478892072476,764268.2239012251
150.25567283212305,1,1,41,16.760142380903574,416010.50511364307
138.27064333124267,4,3,39,11.410937037152134,647244.0075184231
79.23146289747929,5,2,1,11.182089311799663,514184.3369183163
128.96773386173206,1,1,7,4.684910042115017,461550.97296464344
132.86427417366153,4,1,47,4.171642048556676,651742.8602368697
109.88613653891906,2,3,26,10.090208243170496,476909.84555180196
141.93571441669954,1,2,21,2.8681053885929604,477109.4044089062
170.20254284072692,3,3,36,13.906811111812551,642249.5257014527
244.3092950605265,1,3,26,5.766768755668189,792784.266104164
158.72889064159196,1,3,28,9.876713596342531,495294.9293765348
162.8775195361382,4,1,2,0.5711654062287899,762127.4082132359
146.27770421169163,2,1,43,8.030990657782466,398107.1903517217
54.06143923504793,3,2,12,4.0706972643489845,376448.1640624112
148.67430622753915,5,2,44,-1.6097820867090533,671839.287522274
153.01151049705132,5,3,9,12.709210446681587,738995.8498665848
273.1621056242643,1,3,35,18.205797695457868,843175.3394046577
140.38195176094388,4,3,8,15.647367946719731,744144.3523714937
165.07736711668062,4,2,26,13.408453449519024,703230.9745352926
148.26441151473784,5,1,33,7.929394160272271,715453.3724758116
91.5660981190234,3,1,0,14.02945114273913,491665.73500139226
207.14114072575103,2,3,31,16.11926599286864,756355.163892636
187.5966516343387,3,3,24,10.684109148356466,697640.5480635425
189.55159735215233,2,3,28,4.078199138439887,711466.2562737886
104.53062726026306,5,3,6,7.503078507043145,595473.3240883929
220.13971554680495,2,2,48,18.513482441739683,710216.9736625705
79.90744686038596,4,1,2,9.626279159249169,443738.59263019514
179.34285469001352,1,3,19,-6.623778599555482,665568.3391645383
259.5227812904989,1,2,19,2.655382681649032,884863.0365592131
100.47318374346558,5,3,29,7.877756484287593,624529.2529508459
121.6851135198614,4,3,34,15.179126192087843,583989.8293620857
154.98256825438207,3,1,34,8.63438823796544,613852.3741926112
124.82621729419004,4,3,48,15.272158274866301,558466.3425860654
72.46682844669337,1,1,38,7.3691882322625535,310401.10015538015
153.42814874030137,1,1,26,0.17853738882193504,485651.8070323779
96.88481431369476,4,1,25,7.542194207009577,540429.3787581866
173.67962153175907,4,2,13,11.724725007731426,670786.0599912283
104.02878828830984,1,2,16,11.309751746706567,364446.49850097403
227.496720250877,3,1,17,3.7244612537168216,821492.329564517
110.83733538318815,5,3,44,8.244018990981173,625973.5579050258
133.89692418971623,5,1,28,23.423371190320367,649934.8703494491
190.67586086848348,4,3,19,3.833655868515616,772890.5107154428
88.45678417830223,5,1,26,13.303616972318745,437363.9664881239
161.37299673020647,1,3,17,-0.4833784928489777,537990.3437905055
215.3571377141214,1,2,3,14.318959122848309,790442.7047565884
69.62583827193862,4,3,0,5.538373049057767,502681.0158575564
159.2316929266152,4,1,49,12.0104412910147,580455.63577496
162.99413971242117,4,2,0,3.5423719911589933,719742.9314571419
189.09114358886552,3,3,25,11.454264000883535,818452.9725479041
88.1524644560959,5,3,44,5.45674852129281,535637.9348101402
83.97716934578618,4,3,19,6.424759085166873,493222.5829774661
176.09707828084487,2,3,22,12.209930031975153,632806.5394374314
164.8492336616593,2,3,9,7.848072618014919,608601.9400580098
162.52464251729384,1,2,10,11.901907241081556,622936.3035918763
167.3224104748488,5,2,40,9.045793406783247,837570.7240480828
115.99876392107547,4,2,40,10.337468406236376,498061.63481138623
161.6126848580502,2,2,4,12.225432356767008,686634.3063215226
164.65362366493406,5,1,0,8.249907727044295,733091.5847262082
114.2824290986816,1,2,16,5.01975106999113,453490.18492450693
243.28872555723783,3,3,21,7.338438670351049,1004699.9895717318
173.69164604558938,5,3,33,15.97569589916718,788869.7165532522
90.43482513986757,5,2,44,10.580865420382748,499745.64856546925
182.82768043169148,3,3,40,5.775507732947632,776986.0740185884
101.26591648863393,5,2,28,12.007803041938594,506284.5015302123
189.3542301871226,1,3,3,12.341577924695692,737732.603603998
207.9297789503702,1,1,4,12.599995378989053,681729.8157152616
108.96588408241448,3,1,10,5.110813998143572,457788.4988432475
198.16880646221608,4,2,20,6.588045028570525,791121.9491637144
170.63904634682493,2,2,34,6.615853918064942,555512.3056129266
191.1030079997245,4,2,11,8.196760439669042,779106.894788636
244.8396491326974,5,3,25,12.694595925718673,1010927.8674469348
137.73059419985648,2,2,18,11.480924023655067,479165.2579666853
112.31319178212553,3,1,44,11.876084785785812,446914.1569683547
105.52427851872383,3,3,6,16.770095711857614,540678.498358731
109.2094857517281,2,2,46,13.44445466245815,404065.941130297
146.1449145292948,1,3,6,9.290991875019563,586989.0511638086
167.0575987408322,2,3,25,4.080574119737502,617654.6488340547
163.83453996650096,5,2,39,6.427264957645649,799818.2281952085
191.35916245180118,1,3,4,8.691474661608865,698785.2733209288
150.65009459389535,3,1,20,14.145649136680568,660921.8439960621
222.67670385786585,2,1,13,9.863340329469533,886014.2965265951
136.7671583381022,4,3,3,6.719020225557784,660351.254948027
286.00845832948096,4,2,22,6.33553557136387,1061901.110000642
181.28336738825033,5,3,41,9.652108955393869,811233.7781565273
107.14212217918588,4,1,19,14.4499378110855,533311.6034241625
96.45537509694438,2,3,14,17.955096528875586,495754.43075683643
174.12362076215928,2,3,49,8.971157009851662,612788.1240582843
138.82686073370746,4,1,44,9.776284096187009,601990.227332652
185.7000247046046,2,3,28,3.930291469213085,704443.1266825993
173.66188122867723,5,3,7,19.69596284549733,845499.1731220664
146.35855436715636,1,2,40,2.99498580921958,578558.5761534143
107.66031409657975,5,2,47,15.858311558902752,542247.9073002831
74.25763876570677,5,1,18,8.173320234937647,384932.89249355847
127.67425239664894,2,1,47,7.003167530798405,489211.5059723647
192.81993971617362,1,1,38,4.449982140570366,569924.5939371075
160.7046872065102,2,2,45,22.050243247035667,545857.7882772704
87.71306106440059,3,1,27,11.107458116391971,433275.8088039985
158.6590462925591,2,1,45,10.106402185520317,555634.077183192
169.26586898644183,2,1,26,14.433661797772713,577844.2820861279
105.80712818994334,2,2,3,6.745836371850184,432135.6262032136
157.6862552972764,1,3,14,10.00922977615503,434045.6173257693
152.9104359223,2,1,34,10.281681434060605,569083.9856865888
92.85148510846884,1,3,36,7.439271338259334,355028.32768759964
167.88936801741417,4,1,0,15.99819039592957,777338.5371781697
178.03922631841172,3,3,2,8.90672794252048,774205.6245682877
204.15256215876386,1,2,46,2.2343397331558528,644932.7383832377
202.69010260174514,4,2,23,8.492513182395632,881428.7858592462
81.11653160214544,1,1,26,11.245893358569486,332414.2783872069
103.10874800424386,1,3,39,5.532533830561958,388309.5856339838
175.751763360433,3,2,35,5.927026034147805,750083.4812916646
175.68929754561043,5,1,33,7.2687048093697975,731765.0802487893
175.7523843153024,5,1,28,16.106178300334804,755027.1848156328
342.63657453273606,1,2,23,7.5642098867714695,1128351.7232106044
178.54452553465836,2,2,23,17.145585092755155,677581.4856191742
206.77828200902994,4,1,41,6.925247809258321,826560.4428393677
197.70008817466012,2,3,3,11.62507068128271,740217.2641332563
182.5695625652899,2,3,2,7.768786628901244,774855.9964726393
134.23653776798272,1,3,33,13.770415851452361,475947.4154457225
187.94846102466337,1,1,48,4.408629227173604,558576.7565058832
111.35873927312142,1,2,22,13.714297397886158,366930.7246579253
138.15906966299957,1,1,22,10.569347001548419,548337.9345597186
125.73182260854483,5,2,44,6.800040916112755,592496.2145888117
154.09370696931612,1,3,4,9.168892576449247,644525.0970930721
265.73292833367543,5,3,30,17.669274705160873,1015086.9008001962
56.636740370412596,5,2,40,10.689222524403917,442927.04831613926
184.31300951872566,1,2,5,6.486359920436806,659820.4812898452
69.36420644051742,3,1,36,3.9765335858594364,425200.89613614476
126.40340671052833,4,3,9,12.527021367154987,602436.0826388492
204.4475298483683,2,1,39,10.979226235053428,635850.9261769786
153.21400095477313,5,1,6,13.475103475441117,700866.2769960881
96.1127611035347,4,1,38,2.6888763015507884,558200.6221695251
114.2348145370016,3,3,37,4.1386977355425,493219.1241427315
183.97988744673378,2,1,20,15.734395996259497,501050.03873747226
113.48166841414317,2,1,19,11.656708233896703,431119.9806433002
160.82292947909875,5,1,2,12.66700425618781,782610.9258229709
152.27859199519068,1,1,21,5.1865648394602335,454772.3496746584
117.41998261970915,3,1,46,5.095064008355407,518466.4285100798
257.19720446626627,5,1,3,14.956293290960442,966883.477566255
181.69595111590056,3,3,27,15.191888273825745,720376.1500154663
48.74287066711965,1,1,11,4.558402564854731,243745.92263595236
159.32271573847137,1,2,37,3.6031475207357744,484388.58208702056
116.9106767615806,5,1,35,9.457035146437779,585893.6265672441
192.6216667398112,1,1,46,6.003257733119969,660607.1603178056
110.37396307836497,4,3,40,5.8991156047698725,593020.3629861227
144.26317792665506,2,3,4,3.7431087678630366,575272.0133647008
175.24936394902286,5,2,12,7.657830758598166,884368.347965712
193.2877597085061,3,2,22,4.22652628683567,792329.8521479715
89.9851796472112,4,3,49,4.5229954849538165,408887.1479755107
133.27493820795257,5,3,29,11.491959232831523,731053.076894906
126.25273444195219,1,1,36,9.724008828563118,374741.4730478664
117.3335383713144,1,3,24,12.42439340766066,452980.0056807452
238.27271201405483,1,2,47,1.7548328232534676,824708.6706103205
170.2490855480478,1,1,26,10.049403049148816,517168.2213126041
86.95580228324775,3,2,13,20.378187710829188,334831.40072599414
195.8930973527388,4,1,47,8.138637578572004,829679.2764963638
256.10780985063167,2,3,46,14.123745032861489,942305.1130462694
201.62326302755736,3,2,35,14.080034243872117,747346.9199357806
74.03150170229932,3,1,38,14.325993040006377,378113.591601491
125.78829635668743,2,1,15,10.833308435286614,452228.9355963048
213.34555745933113,2,3,21,12.830429913721071,788224.3213885938
114.61652671906097,1,3,20,13.495068100065026,429645.0468252159
172.19097140731142,3,3,20,13.177230141571789,693771.2496709256
188.73170267146685,5,2,7,4.412909132433019,878334.4187538223
103.65347642109586,2,1,48,1.4630775872800665,329625.33290644805
147.02373219691,2,3,15,2.2320822829259646,599027.9904865992
-12.063367003453635,4,2,30,8.649200038086681,192235.47253763597
98.7806179332855,5,2,41,12.969633672113222,631307.6218537118
137.371592430342,5,2,9,4.477943612442077,645782.1793005071
87.61084090175753,2,3,31,14.619852292922019,418620.47100604995
231.62056519658177,1,3,33,7.488624127460569,818391.8861562172
78.49293110196837,4,1,8,7.536223944029606,348570.40888370905
127.99777566515081,5,1,16,5.819465020601998,656880.997674711
156.53702886430457,2,3,10,0.5760682049186308,692473.2041322655
222.06366445330576,5,2,31,11.146570642173234,952330.4860446926
78.20689244102803,4,2,9,18.563338564192847,444297.63745106466
208.15818760774798,4,2,21,9.686677382337184,860763.209884691
150.51165305097936,3,1,16,0.7468417915257373,622533.5104323382
100.92456744760246,2,2,3,13.90171405808223,347497.40731088317
173.10517371316354,4,1,47,1.8760100494850533,708229.5172782438
159.9529847786735,3,1,46,3.9548280150540727,587595.7780068287
119.98915614206027,3,2,24,8.808309138432145,493109.74159941735
153.49010424950094,5,2,20,10.61421719270099,853490.3760424335
130.734320156912,5,3,36,4.956679994165858,748920.3864633822
155.6758672625624,3,3,37,8.613419717170098,595292.1593376277
183.10653372605233,5,2,48,13.575812003803422,801499.7869988421
229.3008408072676,4,1,0,14.260894424040092,962281.9973519389
88.10922505865756,1,1,24,16.257282109071323,213003.15325402995
256.65166873281333,4,1,35,19.547093261467467,929709.9767458627
52.39561002387491,3,1,16,14.049446608305583,299291.57314098824
142.41074524822082,3,1,40,8.916317427978798,485674.9567637537
179.41586032422882,4,3,23,14.296568955614863,795631.9582920681
164.04959338675164,5,2,1,12.33358117002591,832293.9373461093
118.86502400897031,5,3,39,12.531834887631273,707933.781822606
139.59388748213624,3,1,14,10.886093925358427,550541.2695143946
125.34995326705837,2,1,31,5.4397294892304675,589252.6525794698
120.53176215278943,5,1,38,4.859517960890349,490977.9128667498
192.48010485105124,4,1,5,9.514408994624286,801222.3320546283
167.85077429825236,5,2,0,10.74455037923186,721448.5061398007
115.35452023696729,4,1,46,6.602795385341436,521367.101815064
194.97999377166252,3,2,22,12.116709743042877,722611.2243236502
165.36497604383047,5,1,38,20.40382952019595,722631.1419106276
190.64310594194802,4,2,16,1.2783464036087118,807028.5893135169
181.48144209618061,3,3,33,12.911222387818803,684322.6726115785
108.55024945389638,2,1,40,9.670126895545948,358295.94719239825
121.99094799015153,4,2,28,12.253277776673274,670089.2632895857
187.3646802561631,2,3,8,7.846426497698544,750577.3746962129
180.51851327167324,2,1,12,9.269700574764165,555909.7033385719
148.95492030179258,1,1,5,10.647502255040495,528109.1431511351
155.8663691654391,5,1,5,8.491830582323697,715881.61321377
213.88324478942124,4,2,19,2.397293413150506,878085.2018968196
120.4214305582085,2,2,2,8.830424846777735,542597.8496801599
177.3548690585019,1,3,16,2.9178318590190297,709390.30214311
139.89036737830529,3,2,48,13.265965552901548,512198.5346330783
139.11593983863898,4,2,11,0.6722744946093879,663516.187818929
204.9388425993595,2,1,47,15.14327189727945,640224.4338665912
191.27081744940148,5,1,46,12.147815001017397,813359.9313998828
190.67548180003192,1,1,44,12.166943078669473,572077.3345559484
215.27394035771647,2,1,0,-0.8215493392391977,778927.4937367216
151.05019208163796,5,1,16,8.35700280954222,686922.7325753211
184.0976485647482,2,1,2,15.7678171432993,643451.3356291794
134.4866621703272,4,1,25,7.406960104848527,678878.6165976912
166.2083176244221,4,3,14,4.609689250181429,884943.8826112896
143.49284728161578,4,3,35,6.816649524971439,690699.8474820283
154.8497982496359,1,3,31,9.65861188680331,549233.681984456
179.75785127184568,4,3,31,5.743147748435945,707005.420274181
109.08896583832637,5,1,3,16.16908616044647,533907.8152035176
254.619363784273,2,3,17,9.676662350048037,911167.9648634277
99.6991309250149,3,1,48,7.222153260260359,380899.9252226527
89.29056936061339,5,3,18,3.493282365822104,552390.1052065998
207.9055436750034,5,2,42,12.42223302639469,945641.6386750292
189.5831346981468,4,3,34,12.308331473556816,801572.2818342509
181.20599085260775,1,3,39,6.038955469076541,638450.6611897671
181.417275463214,2,1,13,-1.1816451415707263,629905.588655872
149.38766135765428,1,3,32,12.053810947879422,590932.5984156831
105.13728142570842,2,2,13,9.065983043694988,433650.9467903069
153.7902279096863,2,1,33,11.680355839628344,508966.7887922595
116.14191442439441,1,1,3,19.78587266819819,306816.4570713148
198.75598667088755,5,3,23,9.865840781454702,890481.182762185
142.64713092489308,2,1,28,7.430806915786141,487476.87885423686
108.72514016037442,1,1,18,4.263390161758299,463877.62745845167
133.93070791735033,2,1,5,8.437891042524754,602111.2762670991
170.6465727137812,3,1,32,10.802886748078206,576569.9199068735
121.81377235980126,5,1,48,10.266537102993802,520800.5809793663
108.88898022167842,4,1,39,18.617326700335514,466616.30550804187
162.18436057459562,2,2,18,12.495427827329713,562760.3312994138
162.24832855543613,3,3,0,9.325995642463951,718963.823165716
124.65284123144352,4,2,4,6.467197105832636,600692.955028387
126.44808471908387,4,1,26,11.333363818916602,574704.1435471814
161.60249686788183,2,1,15,5.464959208086704,639682.2482698204
77.59578292513379,1,3,5,10.899155397689531,292777.96246324695
79.62681128117224,2,2,39,12.437069634524216,384766.85569833824
114.0777889373782,3,3,12,8.917738886142763,515965.2683238402
139.32764241440765,4,2,47,6.848567779674291,724709.9341413131
165.54537827990023,2,1,34,-0.9264842366745292,675537.9016255193
223.76781084747762,1,3,18,15.719183632101954,756211.0484839171
192.88298116010097,2,3,11,12.016501951226408,685436.7673513481
142.00307350182865,5,1,15,12.138086407923911,608989.748705909
149.04918960486555,1,3,42,2.193238321113501,584442.517276096
99.87353176810956,3,2,9,16.899193498700285,465302.0699804032
149.0743432003805,4,2,24,7.673915666909599,714218.5425549203
135.5670680539931,2,2,19,8.55602348650257,640800.6056537561
166.13592801690447,1,2,30,4.653565722905873,530581.5056690956
108.63845282238385,5,1,3,1.0652713433007595,539277.9035926458
175.96732571205862,1,3,43,15.786731558617834,602956.5257455715
226.6369456501289,5,2,22,16.432986846988122,992282.8438290252
144.56199257715713,3,1,1,9.172359243233362,547318.2447557169
170.08558610494708,4,3,21,6.603077150968248,767781.840950867
184.5071995855556,3,3,36,8.114779154328708,809794.223506559
129.9389764057082,2,1,7,8.251925049822251,414669.18719296146
161.20462409052084,1,1,6,4.000701389102009,561378.3675653134
150.62962003908973,5,2,13,8.538723922780799,704806.2575917684
154.8838049274416,5,3,2,10.765509964671628,787328.2244015468
111.34951080722668,1,3,49,15.090786238243759,430356.17447437695
151.22550871294715,1,1,15,10.071220820068561,509574.50989310886
174.8999145622725,2,3,18,2.1182414555028206,641952.1406702191
222.5571803897521,3,2,17,11.767739315993381,812073.7556255956
197.96354130426033,5,3,15,8.720347191651234,972779.5785457018
257.65912287557785,2,1,7,16.852048469919332,878719.9163830997
111.63262185559753,3,1,32,17.14728901022004,490619.24392559496
193.61603183603393,2,2,48,17.3222715613365,670718.3178945808
159.1671002869176,5,2,11,7.192060323133603,802572.9836265816
259.4901466608836,1,3,10,19.949275366687786,848764.5847524093
109.58508573224242,1,3,4,11.754712524478535,402870.24980939843
108.0139078909612,3,1,26,18.131902028343163,479962.80540859967
120.03036772779889,4,2,11,7.486901930841201,650485.9998439921
43.80521378450966,3,2,16,8.507016311951867,262687.5431897931
123.71224891596195,4,2,5,11.370136763360428,574599.2326499786
112.0433669223151,2,3,32,10.759388048069699,464450.00325926056
157.51968932381038,2,2,4,16.27405971734585,677002.1787858718
167.08779878885798,5,1,27,8.839353407257729,764741.4623104715
243.80854196079432,4,1,13,15.823074951551781,850575.134485985
197.5211919093025,5,3,4,13.661172535663267,896592.091077106
121.15481721687985,1,3,32,8.933038906964256,441304.4360491893
105.0792664325821,4,2,49,13.273383087411567,441027.5553227266
174.59595857532528,3,3,47,7.633674765834757,696280.9303495699
83.9883396489679,1,1,40,21.75102900002861,233961.0889665278
241.57293829271768,1,2,18,-3.3216616053722348,805280.5119080395
208.97200603606436,3,1,21,13.364716022475196,738817.5176941521
126.54121739476476,1,2,4,1.1770204536147642,556839.2886945049
64.34327354545613,4,3,1,8.871716483909657,446101.23186352325
217.69361870827066,5,2,29,9.57195955264377,917420.4898345377
144.2730077373691,1,2,46,17.53816779456842,458804.4520091341
211.8908155986731,4,1,38,6.539238939615549,789343.1263984215
70.27861706028165,2,1,3,16.54005957830889,308730.96864261205
120.03124885231136,4,2,32,4.105916798876016,583149.4427640702
150.26218498590916,5,3,12,16.73334861877433,749307.6840651396
152.3490296882371,4,3,19,7.628272790482636,669828.886378925
127.49672642603781,3,1,6,10.367172596205595,525449.6087230701
181.14249661737495,5,3,14,8.31810668444798,890807.3702507218
96.61897853087028,2,1,22,16.41181737057802,356042.46928245283
142.88102574893531,3,3,13,15.438699216168738,632854.7744445313
156.01478158559493,4,2,22,12.217508602922624,689961.1775872573
175.72194170293744,5,1,18,4.240658077066129,801554.2654913759
185.5807439044445,2,1,28,6.424890659848787,673824.9961443264
93.76789540810654,3,2,19,4.857117372469373,453881.9209919199
73.29429146321888,2,1,28,-1.2407144339608163,278797.5381029735
213.88384109492546,4,3,23,16.30659050925023,815102.5758325321
166.61570059897957,2,3,17,8.360882368286516,707009.6576971837
112.57567317217232,1,1,9,8.307530178538514,430624.4815579932
227.55759877612616,3,3,40,17.4805111671278,880180.0082109992
155.78373171464293,2,1,7,7.620056988068162,615671.2575609261
208.96485920319134,4,2,25,5.797645321570346,842221.4877851389
153.37592407050545,4,1,28,8.876271897425077,613131.4075283887
253.03739624409934,2,2,9,4.3366547406155185,852418.5087611651
237.7670421221602,4,3,16,11.721778846439781,909390.0688443261
137.55179257604632,5,2,1,8.131689608679148,765999.9329382973
198.57854754771776,5,3,5,7.463642947030937,891151.1139613839
182.2687974792574,5,1,4,7.030484139898489,861488.3776185195
218.43157787661744,1,3,27,9.468892530789944,740012.6570492398
101.75382697099478,2,1,40,10.417405627599255,340614.6092456647
184.30257299992195,1,1,4,7.400124557962391,559389.2300063338
202.92122434247938,4,2,17,8.206170319524267,805943.6145390021
62.063025678844284,1,2,25,9.592385865903255,322916.24445004086
90.83707436671125,4,2,19,9.087909322302306,441124.9004665385
48.03839111199497,4,2,40,10.155379834375069,449641.75474121736
136.5296582777721,3,3,48,6.616645983759931,546325.3114923143
185.8771127897981,5,3,26,15.022964545632451,879082.9078106917
225.11785260480139,4,3,48,10.484140887047586,889122.7113275595
153.70473902098877,3,1,11,7.480766235875613,599124.7054649058
231.4307772785646,5,3,6,11.721921086892674,941277.4508056517
80.99492708925543,4,3,2,9.628157005906427,506808.8181183915
64.83087803224227,4,3,9,1.330868227581659,414916.5978232632
147.22261505516906,1,2,33,11.704763451108132,411179.4632749189
169.20327244696537,1,3,24,4.902468988079064,619784.8132756104
148.36526259529535,5,1,34,14.672138916156538,629980.3546117853
46.62789499800617,4,2,15,8.791251805532765,451518.60718920204
145.54399802436058,2,1,1,13.90035148695532,587832.3768538123
84.77652497475734,1,3,23,6.848907234011964,442503.3695230866
183.48362744150194,5,2,9,10.349646335703198,796707.4444277044
168.32991230484242,4,1,37,16.05121750253438,672694.1889160229
103.00601068363224,4,3,21,8.654917267925887,429674.6495309923
124.30665413316532,2,1,25,7.045914506320976,449738.01435251784
97.03932390555242,5,1,42,13.275203068908947,507492.48298007343
146.8660451363414,4,1,38,13.178307983754802,613943.9233266033
197.75711602506192,1,3,26,7.256254332925906,690640.4188822503
100.71369768322282,2,3,28,0.07269489791118922,467325.3318414295
175.20232577589223,5,1,46,6.94988511250822,610045.0753944898
123.48711908137795,2,2,37,13.38679760843211,479498.8538313687
110.35635838688279,1,2,19,6.124829052881379,433991.4116513876
144.64848200227212,5,3,26,9.945310814919022,794956.0945084209
98.2378838790313,2,3,40,6.71257531016828,449725.40398060385
122.3175347326409,3,3,19,0.33916418736975196,580737.4224875212
90.10610537055757,1,3,43,6.622594114800361,409320.2239936206
248.23625664581948,1,3,18,13.365660103448562,722110.7385005874
151.76317759858642,1,2,19,-1.8512624003290608,524244.6310650602
115.01372460037072,3,3,34,11.260836752377879,490229.0012934209
160.6989955367111,3,1,46,4.069653843002934,606231.5889325618
144.38359751545852,4,1,1,13.042210347370961,526131.7312401754
138.95152002333884,2,2,29,13.571594679368266,586693.1538234659
180.70833500217125,4,1,33,9.14026032544362,708353.9893714142
187.87538550236525,2,2,21,9.151659206093889,700262.6726528547
123.47494261947362,3,2,2,5.968186514318493,577643.0160827785
121.209087967766,3,1,5,3.2720829994751703,595207.5926481951
136.2474151424178,4,3,14,18.490464531668664,554663.8096202137
34.90394176322076,5,1,26,5.674642864144361,352978.5978348642
74.24044689007239,4,1,9,17.83898065598236,465352.29239349545
218.34371337222623,2,2,8,5.7024998009991155,790726.8181786458
232.24838567506418,4,1,32,12.625951951688641,821929.7834649002
137.54819802218108,1,2,31,4.310964201731826,452828.1598802903
178.8278481527883,2,3,47,12.616975084510077,634602.4941990246
165.5625077271768,2,3,5,8.372063214234391,628890.8952769123
303.9440404227619,5,3,40,8.437419196621647,1187316.7270216744
205.97874557172884,3,1,35,13.050115848922253,812248.3751765921
143.60412042596167,2,2,1,7.6542931746045095,544635.5366518018
102.22297796997871,3,3,28,2.859257522774512,488566.72015043715
69.67768398712137,4,2,3,13.806527817047263,461409.02552978526
160.17318179336115,1,2,0,4.270497050088359,573237.5330817129
112.18246273578484,5,3,18,12.58258642198955,566922.9586961314
78.88731452011629,3,3,25,14.864982726665001,418872.55621806777
117.67135578787367,2,2,24,8.122530568238913,467824.4346072969
95.92259981928025,3,3,9,15.91176422045892,535728.1882888306
234.35708175362822,2,2,14,12.40891853930642,775645.7882721387
194.08198784747253,3,2,21,6.520692899276122,807320.5518816377
149.60136793416913,2,3,47,17.007145011330373,552898.2731748495
223.99720694450127,4,1,20,4.291640891303048,818011.2555051479
153.8684153823809,2,3,21,8.116497850482173,548933.3348423319
106.93578993358682,2,1,35,8.968425981903355,494589.94423238025
226.15620386348286,1,2,33,13.026118505091278,721420.5734384939
176.94550218423294,2,2,29,15.577166486905671,677507.3794154119
98.13769228367718,1,1,24,15.263957784513568,234479.19155159796
140.4830660958196,5,2,44,11.118741597871532,797096.4594899109
106.21908733076214,1,1,27,8.598654477682166,399122.1844552785
80.8600134517832,4,1,0,0.8700787918618484,458067.8720638654
196.30887737658207,1,2,48,3.4292707277239174,628759.797781523
245.47083202350652,5,1,44,18.833277446457178,971475.847592755
80.07162130904294,4,3,3,0.8196400624873039,559434.6681384066
178.14846183452855,3,3,6,6.077546783789452,765416.7559558786
117.46787154390864,3,2,48,15.72303141025045,483501.4897213365
125.6437308117652,1,2,8,11.048566495986835,484887.4136446178
120.38030378805654,1,1,35,14.640225355028461,289775.28300010384
106.8004615160092,5,1,18,12.714141756353383,538409.3654046081
152.42608139724135,5,1,0,17.34791268680443,620239.225903473
108.45249417944811,2,1,9,11.477136432824425,453632.82690782077
163.52284128899194,5,3,35,13.317238645757556,735143.3480237947
147.48809452754315,2,3,8,6.378767339708298,533127.844969254
138.05259765667952,4,2,44,12.931664877890684,564605.1370133087
104.6218168979201,1,1,45,8.019369510053856,340294.52174694184
121.16143347158336,4,1,41,7.734470660096438,526753.9399667667
187.7695612912878,5,2,31,14.473617573235689,754703.6207757534
175.04585938121903,4,1,31,14.50811688029682,609877.9142965325
101.12223776007244,4,1,5,18.442210778730654,495178.93107428105
154.9666152714613,4,1,47,18.116315927431003,582628.8086219989
187.56935616858945,5,1,37,14.586575806793878,763630.8813989781
66.52973594393141,4,1,16,1.3977719488164375,402809.40455974644
177.16800961899676,2,2,9,19.13840491474848,665730.5033862592
116.86881205270767,5,1,49,14.58983835333181,594774.084539955
178.52993342965797,4,2,26,6.170699549568487,764573.8612377591
111.83704217287416,5,1,49,13.64454577781391,523198.90747501253
59.75589496677405,3,3,34,4.813671295186358,376878.51921473956
68.62287810584186,2,3,20,13.093150600548709,332720.4847534471
152.4042473330691,4,3,24,3.418649794629504,634247.7747282923
162.98612508607408,3,3,27,5.958907956066818,744637.8679105673
104.78416874477958,3,2,46,13.549645646002634,496425.15806672367
181.9296229388687,5,2,14,15.364433714964468,910476.701065707
66.923996886552,3,1,3,11.627184297169052,468542.58738919825
146.69601006763418,2,3,28,8.569156816560147,526148.7099571442
89.44919001187716,2,2,8,-0.5743314750849535,404726.23696686
117.40819460989204,1,1,26,8.954894501743201,513891.7746696968
152.3699335658207,2,1,25,12.66742538412264,534747.4191501051
106.97933173580239,3,2,18,8.416174470321764,508316.19139410125
130.77222278850874,2,3,27,9.88711029452791,459485.95019174146
200.31464046072202,5,1,16,9.071912660410396,854314.527640184
121.15540652384256,1,3,42,8.391468910892831,541280.3004876964
191.7846056032571,3,3,40,10.379386949799063,818926.3334153495
93.51465726711909,1,3,41,8.636527089237697,331771.68654695473
176.49020889576414,3,1,49,17.21644776815971,606221.9128225521
222.07843103289503,5,3,19,-1.0320942419186636,932754.4669578092
26.417774993635533,1,1,44,7.270787070144612,58153.59382813211
110.15523722647616,4,3,39,5.648718882413873,474657.6774752772
178.853606359027,3,1,38,11.09555300017205,652128.7293437498
139.84773069785035,4,3,48,10.385723929415631,716277.2782312403
168.55729366856545,1,2,22,18.110965507747146,575221.5461948896
119.80074066420897,4,3,46,19.755710241488973,632202.7510079355
154.329489373645,4,3,31,6.134582722147594,763381.7727229397
142.216138230396,1,1,46,10.002500325168148,413303.00956222037
208.38910308299037,5,1,32,10.981522084621776,813228.9320094052
162.72104216506065,4,3,45,6.01093125831332,685082.0361359826
166.8801331037601,4,2,4,13.141910180188114,644503.4815288016
129.40615169387664,5,2,42,8.802463156175277,640230.0404090581
125.61968879637533,4,1,47,4.6618257469951105,405312.1950662815
128.37209060901895,4,2,33,8.602158478667285,624482.7303340416
169.72260711891485,4,3,39,5.011627136296756,753738.6138700948
128.95077595898687,2,1,10,15.183234147096279,500057.85290751007
164.48874284482065,5,3,49,19.507796275568353,798301.4501307319
253.77003993227194,4,1,2,11.224096869472698,976801.6554748131
193.5562351715846,5,1,32,10.556383840266378,889134.5247169589
133.69882339160793,3,1,10,10.762173834370929,580669.4130536924
210.06069610819725,3,1,15,15.911170144691575,725503.405694406
129.59623134892243,4,2,17,15.803495017985917,588296.1519035015
48.0937732411073,5,3,29,9.421732157258845,323373.3040712974
99.5956844541298,5,3,47,11.262949636895456,524151.6320649901
56.46040394870721,5,3,9,13.263232035885391,454804.92747768125
132.42432579793456,2,1,17,4.31156271724633,528963.5324371943
150.92091895947758,3,2,37,16.063041187102282,556118.6230771376
233.82186561376415,5,3,18,18.674159456136138,923804.0772322987
166.34636868820814,5,2,35,15.825160524197287,648012.1898658236
139.04497355955678,2,1,12,3.7720304419272255,497769.98386514996
191.47027905917446,2,3,45,0.14999772290562952,816653.4318501086
39.44323454960575,5,2,2,13.543593367589658,412797.86865848955
161.7807279054283,1,1,9,6.199052755189568,590923.0488236647
188.54325969434834,5,2,37,11.43566677061493,770755.7339086026
76.07068771100792,5,3,0,17.67574360003774,454188.08792783733
207.18770216034645,2,3,26,6.71522411800795,711078.7850406201
166.9248203747207,2,1,45,8.1122267179552,564693.4522303698
129.23560430495994,5,1,7,11.383614862941581,538233.1410150338
181.63909330531425,5,1,45,3.512451800088847,722562.8554952764
263.5346428902198,5,2,41,6.210719019970619,1017864.4563321535
159.09331275292476,2,2,16,10.124287518756345,534985.0979180966
162.4110293150168,5,2,8,8.497725655911243,666053.4857669864
127.0319550229878,5,1,5,13.04203876899613,644494.472441459
107.50778152676041,4,3,42,23.829898072196336,525157.1206801168
191.51679082721228,1,3,24,10.495691697090622,708510.482468962
107.19580870455664,3,2,38,5.7914402698099545,426483.258111428
153.57831186096962,1,2,48,17.091201773787823,526548.6691877068
126.11712766174416,4,3,27,2.0559076233988938,713704.7774627791
173.9489912873196,3,3,32,3.0554591448544635,736846.7921840927
166.6831052643474,5,2,36,7.024482806761382,729503.5354571864
201.87699721289496,4,2,8,8.585566397401873,847713.8913193434
124.49918005726265,5,3,17,6.9046363174139564,649798.8980721813
136.50625323533143,2,1,20,9.842438377884886,458619.7050662869
101.06181421088463,4,2,1,11.373709513731725,573601.0430803569
127.78533699619442,2,3,42,15.34479767637569,493713.899646472
168.8650246522426,4,3,37,10.45594136921891,798937.9738907913
187.8494308322676,4,3,39,7.190268761524493,778046.6055115754
103.89173379111872,2,3,35,15.07322693219706,419470.0184754615
193.480296005283,3,1,49,5.911422621349346,671292.4930115768
217.78189294024753,1,3,42,1.8369862715633847,691662.5343432556
170.67174516118504,5,2,36,16.02978008952271,794676.9202353392
243.8397906279033,4,1,14,15.709266224054858,1025386.4226663079
111.31054004482135,5,3,27,6.038508038979469,615743.2421281975
87.76726483442914,2,1,17,8.004505730895373,326267.98585774633
61.06398755478607,5,2,33,5.415362273350352,412095.063932303
224.80221557445915,2,3,21,11.63312108782567,786153.7431677071
182.71828281770289,5,2,10,18.66024645684041,893323.5398514679
147.22076645447726,1,3,12,13.51440899297561,506709.455389486
163.998431315991,1,3,3,15.178623212915163,569374.7074776657
93.72554763508117,1,3,21,14.098641658455058,309961.64698078483
272.2875989808413,1,3,6,9.999404257204533,945546.4271212684
156.46105909876138,1,3,42,15.416702189556577,533188.2948096216
155.46973973024464,1,1,23,13.725152814563998,439099.974771478
186.28833119493459,2,3,3,17.19722857576568,666829.0565673684
174.05046158683567,4,3,27,7.702255294191218,846393.5426989023
161.19420121395657,5,1,14,1.3094418022730672,748599.1078507621
110.47627722773441,1,1,0,15.226255074365387,386060.59130683733
173.57341785679978,2,1,2,11.748847603030292,630505.2496156419
244.1012248237517,2,1,13,8.519769498393819,901995.4048850263
217.2710023077489,2,1,37,8.799235938462544,674953.816930286
229.65933133196984,4,1,49,22.77343162951058,804611.3547280655
124.43921617844074,5,3,0,6.789026737328644,691291.3347275393
100.51975898707096,4,3,37,5.733483465868334,457033.51876499
143.7106539950176,3,2,37,10.426421167466758,537472.0438210522
152.78624561443473,2,3,20,15.902454389864804,648887.5694276216
204.70957592354742,3,3,47,21.39200993264614,802355.3827218559
65.37676851425903,1,1,28,13.286824816947856,268409.9996639829
226.47751597303068,1,1,4,3.64795628010285,718682.1242323163
142.09960507105052,4,3,48,19.854321353588993,605305.4105000317
128.655946502629,5,2,9,9.902656504614514,577759.2517467564
99.39478123699163,3,1,27,5.811452840525152,486158.1651457401
67.25716640671153,5,3,20,4.6030377145032295,567398.0372294328
191.15852919809572,4,3,49,14.18164359667728,840308.348727713
153.6658983594202,1,2,6,11.19414693093207,622813.9638902585
85.5019550129473,5,2,2,11.725376884729252,562160.5409438787
85.2460613968192,5,1,44,16.432515595359654,536717.2448270728
133.21076503549358,1,2,46,5.9892270424517795,441630.1105636832
233.45107626446963,3,3,19,16.83077314136824,799341.164260395
137.02043243181976,1,3,18,7.404213386031548,561289.1043854022
74.8428523440947,5,2,34,20.820036869561783,368694.02699272573
137.71284679570277,3,2,3,12.9936950799657,602661.2527018453
136.36382151261648,3,2,4,5.398807351118114,652060.0399418259
15.155667852921425,1,2,0,-0.12709041660239784,171934.12419372893
147.28525667410938,5,1,3,14.044623611395057,804678.6763286517
138.4532734895661,4,2,11,8.129098620049081,549805.1735212512
184.8103182406709,5,1,26,9.222171527390822,785843.5780404353
242.44780474726724,2,3,41,13.830980045870536,849554.2274126934
206.32825147738788,4,2,22,15.052069131253278,759675.4753605364
136.55556547225848,3,1,24,16.118551703346455,475742.9534738683
94.67370456291648,4,2,20,4.125793458085317,473513.09623124887
278.667990162493,3,3,23,17.129473748122944,963762.6582887701
152.9609217007244,3,3,24,7.104773319159253,655273.4859556614
150.6964645956473,4,3,44,-1.281249673741133,670503.6481268161
148.79374564449984,3,2,45,4.107798265699771,619061.0596068838
159.90423803839275,3,2,31,11.090125460662826,669003.9865040057
142.78197940380286,2,1,31,5.1059287695943025,546223.0286581645
121.31689965598818,5,3,4,9.559777654119781,660324.8314004872
122.6570529379804,5,2,35,11.691262437645891,633812.415411873
148.3623364892001,2,3,45,9.09307298445357,623657.3093075297
122.82876144331175,4,3,41,7.528228310716416,624708.0567723769
114.35771086614179,1,1,48,3.7465196850588693,460528.9779504786
155.32151138459483,1,1,41,10.10971904107666,533854.0454099656
137.25113912895725,1,1,38,-0.3247869379236761,540323.3448951421
225.1996494291344,2,1,15,6.570009791402893,652841.7723080942
17.45150958034941,2,3,32,5.361079454696195,204466.17588866747
204.57534259612308,3,1,48,8.803115742455425,711923.1712558474
212.30425962488147,1,1,20,8.933351003453653,672797.0903520264
46.33048837959252,4,1,8,14.799783372168726,291143.92738923314
132.86562029598255,4,1,5,17.917386386247998,607572.0581346607
131.42795670021042,1,3,44,4.411105798815149,391043.83688213036
79.62441526410893,1,1,34,19.96416312635015,265116.76268319105
111.10916562045624,1,3,38,6.1035220023928405,384534.89184755605
94.47120772670857,2,2,21,10.862633914615449,375669.0508448731
237.61352217118113,2,3,40,12.554314945741588,859657.025100347
196.78391965737305,2,3,4,22.22291376291253,735844.8178396109
213.57775474970794,5,1,41,7.288588311186679,917852.133197073
186.08360320216175,4,2,22,1.0163099351097333,745743.0144439663
93.54741143913854,4,2,16,17.451897350964906,485703.1570046295
123.77398668601131,3,2,11,5.8331322060228255,603094.3514965458
174.4687280613959,2,2,22,8.192057097122035,663082.0571775136
88.89360955540273,5,3,15,4.411251730369123,604138.0378786097
185.6499215086194,5,2,2,8.206481134755405,903938.9451755091
137.98373009209325,4,3,29,5.798042318972795,643042.9831948578
131.25895962252014,2,3,21,13.382209082473857,505170.9168464991
185.54799841017456,3,3,8,10.403958148609897,796631.3007799207
172.213165574302,2,2,28,6.594724196926606,627978.4740284983
131.951691709046,1,1,46,14.979359883294638,456006.5337454345
207.9664901682124,2,1,36,11.274983753372993,713838.1748536441
95.94683362000514,1,2,22,0.7697587477797221,343133.44934994285
180.7967803472132,1,1,12,14.59851657042151,598112.5092413536
179.6550628984192,3,1,31,10.924339419263173,620981.5266456046
134.5226780343005,4,3,45,16.95366243795771,662007.1326448389
166.3066511121059,2,3,46,10.619587131713224,551823.1637454836
87.44432118073485,1,2,47,6.041453247162025,374353.32075768977
196.20135096034505,2,2,22,8.978523333490815,724690.8317732824
140.75489317785053,4,1,44,14.019596654403603,571997.4377436108
123.86384897404803,4,3,16,6.146314701495688,671465.6250658465
202.45046129184448,5,2,39,7.798516064462207,888320.6839547268
114.78281547286204,4,2,20,8.891557100004665,633084.4165014798
79.57693518182202,3,2,1,4.253141948920636,505277.60856529814
72.16854132380482,1,2,36,6.218382876857127,295683.38042601454
180.30049756728198,5,2,5,10.862750959020952,780587.4563817253
85.97853237518585,3,2,43,16.01238873826504,365835.36962671543
237.73970909921823,2,1,17,11.585734923552376,799465.3131599675
45.9035296058139,1,3,29,9.770693703154892,283255.28613088664
234.8228184145019,4,3,21,5.8436461302384455,938961.8399161551
160.5508733601309,1,2,32,15.47580205860116,510053.98994168366
145.16434440648038,2,3,29,12.167527499734213,664575.509683344
122.75404565955252,5,3,16,6.466351182403802,674114.5090449636
169.95680571760354,5,3,42,14.493242293424503,747147.3380526314
148.11826487875757,5,2,31,12.797885307552335,736591.3254408754
205.16509410082608,4,2,41,5.93234825316882,819823.8716481613
155.711382433102,3,3,13,9.493108718678998,605667.9716902698
157.5150880730939,3,3,9,7.536136358785315,740518.6956420798
131.81938938930722,1,2,46,23.167689700158025,375770.8227326419
147.15271881394662,4,1,35,12.658724415628294,613319.9875300621
165.39008844460295,5,3,33,10.933810274241202,777895.6890959586
64.49158036716872,5,1,8,12.363315280383567,452253.1692142322
82.59072889471435,2,3,41,16.89581294098749,253426.8571739348
187.16320470113575,2,1,27,9.583099277807673,628568.4416078301
158.54327190639708,5,1,10,7.050453510671218,787770.7617036339
140.80083318236603,5,1,13,14.221416140487088,724231.9432607066
150.92169665326966,4,2,38,9.12527716999344,606950.016537806
167.37908526808354,3,1,46,4.650523354597484,672866.1212306465
123.01201598453193,2,1,18,3.6765678412197076,435611.4245498771
111.08476372988437,3,1,14,17.646482754197667,445234.7127118936
159.79226275488406,4,3,27,10.658222834596423,704961.1242724969
101.0813611192484,5,1,23,7.052163080037994,551579.9426829397
170.4126377857236,3,3,7,8.828325444789682,776649.5852821346
64.87081978810798,5,1,42,14.037223590041759,417767.23898569593
201.45778186628218,5,1,8,8.532972420789775,853000.8127410748
173.62987412065215,1,2,46,2.7529013541129093,627749.3813056414
162.80148671569378,3,3,32,11.629204260739623,633012.9821139164
199.1345491972757,3,1,32,16.041739087867818,709459.297242694
233.27372222312883,5,3,18,15.707321589861253,1040195.5849085404
200.7185032509065,4,3,2,7.203350309313774,902214.1197236206
57.95628843341774,1,2,9,16.345863282291898,218861.93986342376
86.02115166321492,5,2,39,11.064749868358115,431286.1169229151
118.75907111521606,2,2,46,16.205736719393634,453408.6494466015
151.3045525105417,2,2,41,12.868435150012768,468243.0271364501
175.88295102345614,1,2,0,2.3920157868366516,622239.7532621368
113.71280934232672,4,2,28,18.733694687541732,594618.45861373
159.33833822385392,5,2,49,10.258919255994767,748335.1084746646
112.23085338233388,3,2,33,12.883969119569086,386741.9230072551
119.42410985040259,1,1,12,3.2797768576407798,429735.3510529421
79.66694515758888,4,3,0,12.526632500390326,487989.0747418563
103.8383376944548,3,2,33,15.5146386637133,393799.86571966537
82.41576971918332,2,2,28,19.676601682992022,356645.17058167106
101.20633735113336,2,3,47,17.001998973976413,388028.1216659109
202.682089830392,3,1,46,12.771123519730198,692227.3205197408
102.53005555840285,1,3,12,2.278113233258069,437236.1961300284
281.61910324186954,2,3,47,10.661363952487108,935240.35527556
174.66589504404448,5,2,48,7.037452173935348,776709.5724775909
159.2418061847437,3,3,28,11.174889374081234,637709.3953245719
107.08211099093933,3,3,38,3.918370836024505,488486.51826964197
185.01549397044957,2,2,23,8.949165461040492,723794.6394540442
121.2181086881113,1,2,25,7.414084580969657,488559.7387214084
156.10049073226807,5,2,16,7.259168220153768,662350.4233993653
278.00422691343977,1,2,6,7.308819070044228,960748.6847925585
145.1970050137675,4,3,12,9.320726418058777,764879.1124364901
207.46366631428378,4,3,4,11.43097379524011,963397.8922225499
114.84117874370563,2,1,25,-2.4924679393572546,480527.4584040873
148.25057547515192,2,1,48,-1.8821642816893185,477646.16210163955
238.5400317817755,2,3,2,8.306543300390624,918506.0507619219
118.65164711061163,4,1,6,9.011154776471928,518470.0140180953
240.62242789984646,1,3,48,10.945556083019703,774827.9132256672
185.38759677277378,1,1,38,6.361638225718879,604593.6217191245
121.87666120528661,2,2,0,10.047325970113409,465297.3643446961
181.62038695277604,5,1,48,10.632616025090275,698275.9134722584
198.6277224813365,1,2,16,6.327209515672642,700517.4143372054
181.0904981108598,4,2,42,15.067279108705504,824498.1463307841
71.48876400547718,3,2,24,10.884931557275303,440858.14542585413
113.64314120875656,3,2,2,12.734805477316451,558819.1219241415
137.62406822242477,3,1,14,10.344228656419263,607143.0191339225
146.2783285449977,5,3,28,20.518365515308602,741684.2294634716
181.0336048775339,2,2,42,12.981985345588267,657631.8554118949
158.88505004666268,4,1,31,7.560033418963874,705465.9752819926
83.23278206449494,5,2,25,14.104834421842003,438070.52274709975
169.00989255029816,4,1,15,1.8119754127166416,728379.9917976069
180.52928726419117,4,1,24,10.598001313335521,722344.4488537103
177.989522396552,2,1,27,11.595801450459952,617722.1058459643
204.0390362777311,3,3,8,10.655103810393491,799738.2904750669
191.6961077274452,2,1,0,8.331105645805563,714450.5041294361
172.95900396142184,5,1,28,4.9386332158149235,720103.3449682554
146.49171442706765,5,3,21,6.053264939745188,719675.8669321109
66.95195332420043,5,3,15,10.510374581236919,472141.11512752244
171.4809109566293,2,1,40,4.432403837860037,638775.2570576612
160.38438435815556,4,3,43,18.850838078236364,689865.3017575342
163.57894185976866,4,2,40,-3.2044883967185296,694104.1853829048
86.16257120898453,1,2,6,8.382810662276981,327050.6075515906
95.94717297958688,5,3,13,10.551948195538486,593931.653381704
202.6576426666452,4,3,28,12.537104639166444,926007.4646650953
148.02224230716726,1,1,18,5.420376363687865,433399.9573767925
184.07503486863123,4,3,18,15.671473969441063,826657.6565510008
151.41591880652305,5,1,1,3.030844780935386,750779.1837592488
151.48780697478725,3,2,40,7.16935705696216,565976.4368880987
196.9141902987999,5,3,44,13.10373777639712,933878.7598513397
124.19776358913131,2,1,14,15.20094282396376,485155.42766350025
154.80603884704917,4,1,2,2.9799935180945116,661071.4643434705
126.88623556474788,4,2,10,23.225183952075792,491237.67249277915
128.27518862838423,2,3,45,5.512542184163952,530257.8232417804
134.54139382656803,2,2,29,3.439087612361087,525508.7270171829
161.10668858168563,3,1,39,12.513574458866286,547757.2702640183
126.06256891682614,4,1,17,8.258532732092714,522489.9207795111
212.78780627867604,4,3,47,7.519738437301278,909749.4353174007
105.26963488902481,3,1,1,12.978220287848597,371067.7187253275
140.65641779193206,1,3,31,2.3635215478609535,541956.3480337261
128.01344708629125,3,2,7,1.4893280001264877,574689.8364930777
222.34889421768665,5,3,21,7.012883174283859,996878.6577221643
159.82773882557873,4,3,5,15.389508697266626,718988.9485891928
201.59222697343174,2,1,11,7.229723532936081,723980.9821174388
75.7219813481514,5,1,46,17.995783422643072,388035.63497273263
163.35251329346295,4,3,39,16.005073805859453,706587.1464600016
194.48153978117185,3,1,35,11.414730922537425,730069.3514059777
154.1141994637712,5,1,14,11.698619296873785,712488.9533613395
203.27401875326757,4,1,27,11.410013125084278,809017.3721297113
124.13557749498139,1,3,48,10.7985886434105,396413.4902255408
220.467372009279,1,1,44,8.168791512609102,651530.8049083761
264.9449061809625,2,3,17,8.749060833964187,921669.6049141618
131.85807197801705,4,1,1,4.650199217037089,601449.3297206394
127.7248739299614,1,2,12,-1.0502139464508993,551204.1931636775
222.66922385588504,3,1,44,15.52035304641025,755258.0276980496
228.97860728653563,4,1,14,10.786292183926491,824185.2645034789
123.85699864233658,3,3,19,10.031056778108931,599591.1667633215
128.99065914520713,3,3,28,11.992245614289397,642319.6577787667
135.91076955697463,1,1,41,5.858012726031755,371955.6906262449
82.77747444828614,4,2,28,4.9946889330778355,568983.5832146072
104.06740267579009,5,1,2,8.581576531609237,593797.8850803054
99.7929616623966,1,1,18,16.840492408819063,379392.4396229713
111.61012174479359,1,2,2,4.156294857534368,507871.35727147775
148.26575563066095,4,3,13,-3.1353267840408314,776698.8025954517
161.71073662682605,4,1,39,7.392994540906237,655819.4409482817
227.52502464070386,3,3,3,15.713499581175915,949032.9819693305
100.08229796306046,4,3,10,1.337279878228232,590302.3226262708
199.21611992382918,3,2,30,4.098581980885641,823975.4320550982
139.30055778872455,1,2,42,11.317733702890843,523259.98014942615
147.52681451737834,2,3,31,22.849535177376673,501336.5436987432
183.7409746083302,5,1,26,3.2089416573690226,838520.0971091028
93.86389892188507,1,3,29,3.0153295426602043,377466.44175466616
169.12048730920253,4,1,42,11.693491844195925,678884.0100784166
158.3226104106528,5,1,1,16.02337219996852,728275.7242741614
174.62256320040746,2,2,48,6.879506438371449,626457.1876032474
164.4584321953909,2,1,8,1.893029219389156,687765.5037588463
272.7650069955447,3,1,27,12.16874610443173,878635.1474330674
118.1130007874342,5,3,30,13.074206986514866,552073.4205457836
123.45015224990911,3,2,33,18.893275632691243,412899.40190106607
118.84297367876178,1,1,14,13.284735561621394,449416.6631098382
122.22614404198727,5,1,47,14.140330381861897,532725.8967688552
118.13064363467412,1,2,24,8.689274280660472,429622.7058184458
209.4508265553776,3,3,35,22.207521710847338,783201.5800382092
221.02521239949274,5,2,7,8.009289947057649,905738.3002723639
121.46268531252619,3,2,8,6.9403893929411495,595081.1390294812
108.38222134478856,5,1,36,19.047574592593033,524678.3664383105
173.5707778193202,3,1,47,2.62881360552295,636567.9523949954
122.38884778595144,2,3,44,0.762958077360425,523284.1925901459
181.64659088777555,3,1,38,10.597784622992423,701782.8076592525
160.14615104256498,2,1,31,9.991317383621523,511507.00618372957
74.2127942501384,3,2,16,8.86056009224669,442563.1799325862
227.37526006650307,5,1,34,14.969648785608259,970679.1586169603
239.7938836547761,5,3,36,5.458969088557148,941157.5943491552
119.36056547578069,5,2,18,10.32083562812337,643354.9741274868
130.6149220032008,4,3,43,8.199470236809065,607199.714918118
164.29326953624525,1,2,28,5.543907499466246,598753.5226458102
166.72283949935124,5,1,6,9.690799580196582,693953.9587113181
182.92721363364151,2,2,27,14.262979016475514,734702.5941501524
250.5102269383175,5,2,8,20.602840602152508,931930.2592891941
141.15263862529753,4,1,27,12.897094914494847,588449.6790580762
110.08513777307732,2,1,5,-2.5541750070072577,482078.56713301444
81.03403859927364,4,3,28,9.809299572791755,451166.6743054962
113.45349800290404,2,3,16,10.249013954514162,451692.3886768319
148.34365135631015,3,1,15,14.68104504789975,591780.6458046571
239.7278931758894,1,1,22,10.924051512448695,759223.5725023248
124.11943504819143,1,1,30,16.265444586510384,390124.324442311
161.18939758194492,4,2,2,11.958353078076358,760585.9121629633
149.1788551963624,1,2,20,17.793990347489444,482224.95022270724
209.4196636724042,4,2,25,7.806270399758533,863626.0827074458
276.3466212936811,4,1,35,10.721717336483469,977266.2887942855
123.45656135398397,4,3,41,14.133207676949482,548636.7944165826
125.52802787408889,1,1,36,7.139029648532782,392068.09290070017
202.2080438534536,4,2,21,6.049935989594619,808586.0002214899
184.09457448131556,1,2,41,6.853239501566575,585137.0543826745
242.33536628680167,4,1,11,6.253921914555388,991764.6259214024
179.1964092662982,5,1,41,12.612809604376636,738658.4358883636
132.035395460647,4,2,12,0.8259598518272213,609308.9330642932
179.53274153461547,2,2,10,2.2201498684104646,685561.863569425
205.4351790291454,4,2,15,19.313732461786312,827889.469120284
191.0241090598682,3,1,7,6.374516395129112,673979.232909643
175.36370155536488,4,2,39,11.00007425585874,710170.642558185
203.3337344794577,2,2,39,2.5542679105043584,708958.4514124345
208.46477952228364,2,3,44,10.47062133894638,741845.8822035344
219.10794955187635,1,1,1,6.40496666159298,759790.3339843424
182.43549437948212,5,3,29,2.184552509197929,860770.9716781947
141.64409598415727,4,3,29,16.684602187823565,713959.9509460912
157.33568432166615,1,2,11,15.912828635304358,538598.377899949
210.32544832541782,5,1,9,9.463226046429918,971854.2569023969
109.1532164506382,4,2,43,14.997095163389556,491426.7083385529
168.43366544364505,3,1,10,19.5164634386358,597789.9503954074
130.33305938363196,4,3,14,13.770379665790447,666823.5525581636
151.4372411467409,2,1,15,12.398398697549815,612719.0229183739
213.92259313036493,2,2,16,10.994748482416547,694838.1171970004
159.55495340099517,3,2,25,13.247486824296198,627320.3541436775
152.32182740780743,1,2,1,8.180403032551817,519065.5789040251
82.00719295100404,5,1,49,8.616820654192766,466930.48819423054
187.31267830136102,4,3,11,12.254456876062575,816930.0173269281
182.27420905705378,2,3,25,7.630675649202355,763830.3382541427
258.16273616527303,1,1,22,8.171001636032488,810725.965580015
134.61108825234996,3,2,17,10.000933323174866,645570.6030592115
160.95751638319695,2,3,31,15.753037752965344,594611.4568427257
162.46918418553776,3,2,48,4.336681232201762,687058.2838474705
228.8726639881737,4,1,37,13.795892513526304,863459.3583443045
145.2352233806524,5,2,46,13.958982064017352,758281.9759480949
163.95107628851696,2,3,2,13.929060046484045,578144.3656318614
180.39482548582697,2,3,37,5.966268098952556,624059.0543715847
159.3304561578179,4,2,2,1.5365919224453144,824499.2988614823
127.67831927247359,1,1,29,12.79850236205711,371774.69841898885
159.7044996449154,5,2,0,10.93769392206981,733747.9431868135
203.6815874929886,2,1,29,15.021883173815661,638214.8168563418
98.67423502944699,5,2,44,6.497315859952308,606450.3711951225
156.64848370734381,2,3,31,13.800591881281806,538671.3866982115
114.99395925304134,5,1,27,15.272060561097057,568560.277250813
209.75233144624212,3,1,20,9.523451394753247,756929.000460193
73.84065476081126,2,1,45,12.084647516324083,334178.44842500734
122.05390763642058,5,3,12,11.909832287620475,642157.9252174385
168.86059375322606,1,2,26,5.89265235485175,599560.1055056383
228.27620146171702,3,3,35,12.655483011423037,805956.8296934415
146.71248694635062,3,1,6,18.112491704505068,691609.5293639018
122.24002366534009,1,2,21,10.111019672713184,423518.41541790846
244.0578534720295,5,3,9,2.695375306741713,1058220.9840468734
77.5993049791878,4,1,38,6.5638673454299505,494407.8981892306
40.0597021689959,1,1,14,1.1028527557418624,154639.76228024354
172.00072250266663,5,3,14,16.451305645230324,892468.67336447
124.89728878236944,1,3,3,13.820526481640474,463477.2546769293
98.93835914346434,1,3,31,7.493153641660908,424413.6793381342
185.41782236496766,2,1,22,2.909700390155318,629799.9843066274
162.19003568855993,5,3,5,5.833525208787548,742101.234390868
121.79606846316358,4,1,23,6.808615171514263,579500.692573493
85.98478006645529,2,3,19,10.547037995100291,439855.43425834196
193.62286641400723,1,1,36,10.378796715991898,538316.7186937259
182.51005889793305,1,1,19,16.707159876868513,559762.9409946265
145.04120681103086,1,2,11,6.536225711509787,581089.1170869183
242.3318498023833,5,3,32,2.459060728230357,1060083.3754905197
96.49576168369236,5,3,27,4.21510762428854,574296.3197132975
73.72374145376305,2,1,7,9.884875727767495,294525.1878240314
115.40459650593777,4,1,0,6.356609665271046,660912.7864440101
147.7206991822251,2,1,36,8.53995727243487,447735.5795116626
162.16697246613458,3,2,21,7.729832098402781,657081.3244811681
137.9381971071835,1,2,5,14.951192268525913,415677.3630998014
167.60276982571483,1,1,20,7.06517156453839,614418.6985902818
87.42302879047779,1,3,31,8.11328961526095,354686.32653049455
222.18823020366295,2,3,34,13.586417905793878,804300.5590378728
145.89244108037155,2,2,14,7.17509044483962,707771.7578328159
205.8647915794064,1,2,4,12.116061872285089,669688.6172068294
167.13626731888522,2,1,45,11.657426310108795,650522.7450393648
172.8376609576892,5,3,49,10.708829294805398,768558.7285630474
178.4883640116102,5,1,47,4.3280180864675515,748133.4329826505
172.38542800086574,2,2,5,16.148871122609684,771767.3045884077
182.1361379933772,1,3,24,21.10341898291557,612147.0571512168
216.45762650662158,2,3,45,10.044140691336974,705566.0279224283
159.8260584850735,2,2,39,4.768225633148124,605037.6635952399
185.4501878794256,2,1,28,10.145513541625114,629422.6952966765
145.51321528563867,3,1,6,14.949300702929996,598995.8365377489
222.00586077247362,5,3,39,6.924061621421965,946489.5694081885
116.18038489703652,4,2,12,9.355504079409052,688607.3773425296
240.04702164554078,4,3,37,11.703270682060706,977571.3155142978
147.99210246778284,3,2,17,16.015239261029624,551197.5974949984
78.46124489409759,2,1,1,13.877118665446872,342856.83745259175
156.40522074553945,3,2,7,14.084339847661312,604065.4913329438
115.94741712625596,3,1,10,7.8686572166178745,489719.2448203845
192.0321774494362,1,2,32,12.009594775869616,584555.3072682281
117.36880103488045,5,3,37,6.390183364374353,747681.9625361939
127.69082833926102,4,1,47,14.227630499426057,503047.9932600198
55.522963452723445,2,3,26,15.756098203928069,333434.9115500211
127.38468403754617,4,3,19,12.766817843863114,611446.4453310809
28.80603366855216,4,1,11,8.162947066025923,231171.54824496512
70.80485882571384,5,1,42,8.981364359792009,442334.3129025328
188.02073280721487,4,3,30,19.032581053310047,806031.6281693099
189.2900079325416,4,3,26,8.246447776882519,843308.4548815856
171.27287808924825,3,3,31,15.24997083725284,561207.734866192
101.65119284353935,5,3,9,11.694457991092609,550822.3768649782
147.614432192901,1,1,2,8.329317757700787,552062.3970143957
149.81987304547158,2,1,44,3.276754862652874,482725.7612806694
92.08176554037286,4,3,26,11.058001902942534,528276.4953307391
225.16991508835753,2,2,34,10.455504333030612,717697.5018375721
193.86811452878356,1,2,30,19.032673357296666,660119.0519796794
138.95179130851682,2,1,14,5.699036522887509,568020.7806795541
151.34429194972654,1,3,15,21.473842957738924,572680.6852423202
160.41914039737762,3,3,12,11.894052647482967,737097.1565148468
47.913256578785465,4,1,48,11.88914610611079,380156.48476911144
137.64113087397016,1,2,34,7.03463932783885,416150.4073857841
115.90078760011008,2,2,10,11.573531537772343,435121.70316721743
99.91899950525422,4,2,20,12.365254641166064,559903.6677486203
135.94498535570224,3,1,10,14.686636459104385,604972.671740772
239.88432634247613,4,2,29,5.108388962040285,906719.0534247515
182.0421430633505,1,1,47,17.03390427894019,507864.31736589194
121.44105051086015,3,1,34,11.807077618859898,454098.32179833535
178.62913906780793,2,3,21,13.04114447653656,598550.3800481535
